30924,Calvin Klein Mens Wallet Sets-Minimalist Bifold and Card Cases , https://topsale.am/product/calvin-klein-mens-wallet-sets-minimalist-bifold-and-card-cases/30924/
30924,Calvin Klein Mens Wallet Sets-Minimalist Bifold and Card Cases , https://topsale.am/product/calvin-klein-mens-wallet-sets-minimalist-bifold-and-card-cases/30924/
30924,Calvin Klein Mens Wallet Sets-Minimalist Bifold and Card Cases,https://topsale.am/product/calvin-klein-mens-wallet-sets-minimalist-bifold-and-card-cases/30924/
29336,Giordano Men Regular Fits Washed Stretchable Denim,https://topsale.am/product/giordano-men-regular-fits-washed-stretchable-denim/29336/
30924,Calvin Klein Mens Wallet Sets-Minimalist Bifold and Card Cases,https://topsale.am/product/calvin-klein-mens-wallet-sets-minimalist-bifold-and-card-cases/30924/
30924,Calvin Klein Mens Wallet Sets-Minimalist Bifold and Card Cases,https://topsale.am/product/calvin-klein-mens-wallet-sets-minimalist-bifold-and-card-cases/30924/
30924,Calvin Klein Mens Wallet Sets-Minimalist Bifold and Card Cases,https://topsale.am/product/calvin-klein-mens-wallet-sets-minimalist-bifold-and-card-cases/30924/
30924,Calvin Klein Mens Wallet Sets-Minimalist Bifold and Card Cases,https://topsale.am/product/calvin-klein-mens-wallet-sets-minimalist-bifold-and-card-cases/30924/
30924,Calvin Klein Mens Wallet Sets-Minimalist Bifold and Card Cases,https://topsale.am/product/calvin-klein-mens-wallet-sets-minimalist-bifold-and-card-cases/30924/
30924,Calvin Klein Mens Wallet Sets-Minimalist Bifold and Card Cases,https://topsale.am/product/calvin-klein-mens-wallet-sets-minimalist-bifold-and-card-cases/30924/
30924,Calvin Klein Mens Wallet Sets-Minimalist Bifold and Card Cases,https://topsale.am/product/calvin-klein-mens-wallet-sets-minimalist-bifold-and-card-cases/30924/
30924,Calvin Klein Mens Wallet Sets-Minimalist Bifold and Card Cases,https://topsale.am/product/calvin-klein-mens-wallet-sets-minimalist-bifold-and-card-cases/30924/
30924,Calvin Klein Mens Wallet Sets-Minimalist Bifold and Card Cases,https://topsale.am/product/calvin-klein-mens-wallet-sets-minimalist-bifold-and-card-cases/30924/
30924,Calvin Klein Mens Wallet Sets-Minimalist Bifold and Card Cases,https://topsale.am/product/calvin-klein-mens-wallet-sets-minimalist-bifold-and-card-cases/30924/
30924,Calvin Klein Mens Wallet Sets-Minimalist Bifold and Card Cases,https://topsale.am/product/calvin-klein-mens-wallet-sets-minimalist-bifold-and-card-cases/30924/
30924,Calvin Klein Mens Wallet Sets-Minimalist Bifold and Card Cases,https://topsale.am/product/calvin-klein-mens-wallet-sets-minimalist-bifold-and-card-cases/30924/
30924,Calvin Klein Mens Wallet Sets-Minimalist Bifold and Card Cases,https://topsale.am/product/calvin-klein-mens-wallet-sets-minimalist-bifold-and-card-cases/30924/
30924,Calvin Klein Mens Wallet Sets-Minimalist Bifold and Card Cases,https://topsale.am/product/calvin-klein-mens-wallet-sets-minimalist-bifold-and-card-cases/30924/
30924,Calvin Klein Mens Wallet Sets-Minimalist Bifold and Card Cases,https://topsale.am/product/calvin-klein-mens-wallet-sets-minimalist-bifold-and-card-cases/30924/
30924,Calvin Klein Mens Wallet Sets-Minimalist Bifold and Card Cases,https://topsale.am/product/calvin-klein-mens-wallet-sets-minimalist-bifold-and-card-cases/30924/
30924,Calvin Klein Mens Wallet Sets-Minimalist Bifold and Card Cases,https://topsale.am/product/calvin-klein-mens-wallet-sets-minimalist-bifold-and-card-cases/30924/
30924,Calvin Klein Mens Wallet Sets-Minimalist Bifold and Card Cases,https://topsale.am/product/calvin-klein-mens-wallet-sets-minimalist-bifold-and-card-cases/30924/
30924,Calvin Klein Mens Wallet Sets-Minimalist Bifold and Card Cases,https://topsale.am/product/calvin-klein-mens-wallet-sets-minimalist-bifold-and-card-cases/30924/
30924,Calvin Klein Mens Wallet Sets-Minimalist Bifold and Card Cases,https://topsale.am/product/calvin-klein-mens-wallet-sets-minimalist-bifold-and-card-cases/30924/
30924,Calvin Klein Mens Wallet Sets-Minimalist Bifold and Card Cases,https://topsale.am/product/calvin-klein-mens-wallet-sets-minimalist-bifold-and-card-cases/30924/
30924,Calvin Klein Mens Wallet Sets-Minimalist Bifold and Card Cases,https://topsale.am/product/calvin-klein-mens-wallet-sets-minimalist-bifold-and-card-cases/30924/
30924,Calvin Klein Mens Wallet Sets-Minimalist Bifold and Card Cases,https://topsale.am/product/calvin-klein-mens-wallet-sets-minimalist-bifold-and-card-cases/30924/
30924,Calvin Klein Mens Wallet Sets-Minimalist Bifold and Card Cases,https://topsale.am/product/calvin-klein-mens-wallet-sets-minimalist-bifold-and-card-cases/30924/
30924,Calvin Klein Mens Wallet Sets-Minimalist Bifold and Card Cases,https://topsale.am/product/calvin-klein-mens-wallet-sets-minimalist-bifold-and-card-cases/30924/
30924,Calvin Klein Mens Wallet Sets-Minimalist Bifold and Card Cases,https://topsale.am/product/calvin-klein-mens-wallet-sets-minimalist-bifold-and-card-cases/30924/
30924,Calvin Klein Mens Wallet Sets-Minimalist Bifold and Card Cases,https://topsale.am/product/calvin-klein-mens-wallet-sets-minimalist-bifold-and-card-cases/30924/
30924,Calvin Klein Mens Wallet Sets-Minimalist Bifold and Card Cases,https://topsale.am/product/calvin-klein-mens-wallet-sets-minimalist-bifold-and-card-cases/30924/
30924,Calvin Klein Mens Wallet Sets-Minimalist Bifold and Card Cases,https://topsale.am/product/calvin-klein-mens-wallet-sets-minimalist-bifold-and-card-cases/30924/
30924,Calvin Klein Mens Wallet Sets-Minimalist Bifold and Card Cases,https://topsale.am/product/calvin-klein-mens-wallet-sets-minimalist-bifold-and-card-cases/30924/
30924,Calvin Klein Mens Wallet Sets-Minimalist Bifold and Card Cases,https://topsale.am/product/calvin-klein-mens-wallet-sets-minimalist-bifold-and-card-cases/30924/
30924,Calvin Klein Mens Wallet Sets-Minimalist Bifold and Card Cases,https://topsale.am/product/calvin-klein-mens-wallet-sets-minimalist-bifold-and-card-cases/30924/
30924,Calvin Klein Mens Wallet Sets-Minimalist Bifold and Card Cases,https://topsale.am/product/calvin-klein-mens-wallet-sets-minimalist-bifold-and-card-cases/30924/
30924,Calvin Klein Mens Wallet Sets-Minimalist Bifold and Card Cases,https://topsale.am/product/calvin-klein-mens-wallet-sets-minimalist-bifold-and-card-cases/30924/
30924,Calvin Klein Mens Wallet Sets-Minimalist Bifold and Card Cases,https://topsale.am/product/calvin-klein-mens-wallet-sets-minimalist-bifold-and-card-cases/30924/
30924,Calvin Klein Mens Wallet Sets-Minimalist Bifold and Card Cases,https://topsale.am/product/calvin-klein-mens-wallet-sets-minimalist-bifold-and-card-cases/30924/
30924,Calvin Klein Mens Wallet Sets-Minimalist Bifold and Card Cases,https://topsale.am/product/calvin-klein-mens-wallet-sets-minimalist-bifold-and-card-cases/30924/
30924,Calvin Klein Mens Wallet Sets-Minimalist Bifold and Card Cases,https://topsale.am/product/calvin-klein-mens-wallet-sets-minimalist-bifold-and-card-cases/30924/
30924,Calvin Klein Mens Wallet Sets-Minimalist Bifold and Card Cases,https://topsale.am/product/calvin-klein-mens-wallet-sets-minimalist-bifold-and-card-cases/30924/
30924,Calvin Klein Mens Wallet Sets-Minimalist Bifold and Card Cases,https://topsale.am/product/calvin-klein-mens-wallet-sets-minimalist-bifold-and-card-cases/30924/
30924,Calvin Klein Mens Wallet Sets-Minimalist Bifold and Card Cases,https://topsale.am/product/calvin-klein-mens-wallet-sets-minimalist-bifold-and-card-cases/30924/
30924,Calvin Klein Mens Wallet Sets-Minimalist Bifold and Card Cases,https://topsale.am/product/calvin-klein-mens-wallet-sets-minimalist-bifold-and-card-cases/30924/
30924,Calvin Klein Mens Wallet Sets-Minimalist Bifold and Card Cases,https://topsale.am/product/calvin-klein-mens-wallet-sets-minimalist-bifold-and-card-cases/30924/
30924,Calvin Klein Mens Wallet Sets-Minimalist Bifold and Card Cases,https://topsale.am/product/calvin-klein-mens-wallet-sets-minimalist-bifold-and-card-cases/30924/
30924,Calvin Klein Mens Wallet Sets-Minimalist Bifold and Card Cases,https://topsale.am/product/calvin-klein-mens-wallet-sets-minimalist-bifold-and-card-cases/30924/
30924,Calvin Klein Mens Wallet Sets-Minimalist Bifold and Card Cases,https://topsale.am/product/calvin-klein-mens-wallet-sets-minimalist-bifold-and-card-cases/30924/
30924,Calvin Klein Mens Wallet Sets-Minimalist Bifold and Card Cases,https://topsale.am/product/calvin-klein-mens-wallet-sets-minimalist-bifold-and-card-cases/30924/
30924,Calvin Klein Mens Wallet Sets-Minimalist Bifold and Card Cases,https://topsale.am/product/calvin-klein-mens-wallet-sets-minimalist-bifold-and-card-cases/30924/
30924,Calvin Klein Mens Wallet Sets-Minimalist Bifold and Card Cases,https://topsale.am/product/calvin-klein-mens-wallet-sets-minimalist-bifold-and-card-cases/30924/
30924,Calvin Klein Mens Wallet Sets-Minimalist Bifold and Card Cases,https://topsale.am/product/calvin-klein-mens-wallet-sets-minimalist-bifold-and-card-cases/30924/
30924,Calvin Klein Mens Wallet Sets-Minimalist Bifold and Card Cases,https://topsale.am/product/calvin-klein-mens-wallet-sets-minimalist-bifold-and-card-cases/30924/
30924,Calvin Klein Mens Wallet Sets-Minimalist Bifold and Card Cases,https://topsale.am/product/calvin-klein-mens-wallet-sets-minimalist-bifold-and-card-cases/30924/
30924,Calvin Klein Mens Wallet Sets-Minimalist Bifold and Card Cases,https://topsale.am/product/calvin-klein-mens-wallet-sets-minimalist-bifold-and-card-cases/30924/
30924,Calvin Klein Mens Wallet Sets-Minimalist Bifold and Card Cases,https://topsale.am/product/calvin-klein-mens-wallet-sets-minimalist-bifold-and-card-cases/30924/
30924,Calvin Klein Mens Wallet Sets-Minimalist Bifold and Card Cases,https://topsale.am/product/calvin-klein-mens-wallet-sets-minimalist-bifold-and-card-cases/30924/
30924,Calvin Klein Mens Wallet Sets-Minimalist Bifold and Card Cases,https://topsale.am/product/calvin-klein-mens-wallet-sets-minimalist-bifold-and-card-cases/30924/
30924,Calvin Klein Mens Wallet Sets-Minimalist Bifold and Card Cases,https://topsale.am/product/calvin-klein-mens-wallet-sets-minimalist-bifold-and-card-cases/30924/
30924,Calvin Klein Mens Wallet Sets-Minimalist Bifold and Card Cases,https://topsale.am/product/calvin-klein-mens-wallet-sets-minimalist-bifold-and-card-cases/30924/
30924,Calvin Klein Mens Wallet Sets-Minimalist Bifold and Card Cases,https://topsale.am/product/calvin-klein-mens-wallet-sets-minimalist-bifold-and-card-cases/30924/
30924,Calvin Klein Mens Wallet Sets-Minimalist Bifold and Card Cases,https://topsale.am/product/calvin-klein-mens-wallet-sets-minimalist-bifold-and-card-cases/30924/
30924,Calvin Klein Mens Wallet Sets-Minimalist Bifold and Card Cases,https://topsale.am/product/calvin-klein-mens-wallet-sets-minimalist-bifold-and-card-cases/30924/
30924,Calvin Klein Mens Wallet Sets-Minimalist Bifold and Card Cases,https://topsale.am/product/calvin-klein-mens-wallet-sets-minimalist-bifold-and-card-cases/30924/
30924,Calvin Klein Mens Wallet Sets-Minimalist Bifold and Card Cases,https://topsale.am/product/calvin-klein-mens-wallet-sets-minimalist-bifold-and-card-cases/30924/
